{
    "name": "base_valid",
    "n_gpu": 1,
    "data":{
        "x_train_path":"/home/lab/projects/shrec19_SBR_IBR/data/3D_Model_R50_extracted/x_placetrain.npy",
        "y_train_path":"/home/lab/projects/shrec19_SBR_IBR/data/3D_Model_R50_extracted/y_placetrain.npy",
        "x_test_path":"/home/lab/projects/shrec19_SBR_IBR/data/3D_Model_R50_extracted/x_placetest_.npy",
        "y_test_path":"/home/lab/projects/shrec19_SBR_IBR/data/3D_Model_R50_extracted/y_placetest_.npy"
    }, 
    "arch": {
        "type": "OnlyFC",
        "args": {
            "num_classes": 30,
            "pretrained_path":"/home/lab/projects/shrec19_SBR_IBR/code/3D_model/saved/train_place/train_place_base/0308_153914/model_best.pth" 
        }
    },
    
    "optimizer": {
        "type": "Adam",
        "args":{
            "lr": 0.0001,
            "weight_decay": 0,
            "amsgrad": true
        }
    },
    "loss": "cross_entropy_loss",
    "metrics": [
        "metric_accuracy", "metric_accuracy_top_k"
    ],
    "lr_scheduler": {
        "type": null,
        "args": {
            "mode": "min",
            "factor": 1,
            "patience": 300,
            "verbose": true
        }
    },
    "trainer": {
        "epochs": 4000,
        "save_dir": "saved/onlyfc",
        "save_period": 100,
        "verbosity": 2,
        
        "monitor": "max val_metric_accuracy",
        "early_stop": 300,
        
        "tensorboardX": true,
        "log_dir": "saved/onlyfc"
    }
}
