{
    "name": "base_valid",
    "n_gpu": 1,
    "data":{
        "x_train_path":"/home/lab/projects/shrec19_SBR_IBR/data/3D_Model_R50_extracted/x_train_rn_365_reduced.npy",
        "y_train_path":"/home/lab/projects/shrec19_SBR_IBR/data/3D_Model_R50_extracted/y_train.npy",
        "x_test_path":"/home/lab/projects/shrec19_SBR_IBR/data/3D_Model_R50_extracted/x_test_rn_365_reduced_.npy",
        "y_test_path":"/home/lab/projects/shrec19_SBR_IBR/data/3D_Model_R50_extracted/y_test_rn_365_reduced_.npy"
    }, 
    "arch": {
        "type": "BaselineModelSigmoidWithAttribute",
        "args": {
            "num_classes": 30,
            "input_d": 512 
        }
    },
    
    "optimizer": {
        "type": "Adam",
        "args":{
            "lr": 0.0001,
            "weight_decay": 0,
            "amsgrad": true
        }
    },
    "loss": "cross_entropy_loss",
    "metrics": [
        "metric_accuracy", "metric_accuracy_top_k"
    ],
    "lr_scheduler": {
        "type": null,
        "args": {
            "mode": "min",
            "factor": 1,
            "patience": 300,
            "verbose": true
        }
    },
    "trainer": {
        "epochs": 4000,
        "save_dir": "saved/with_attribute_512",
        "save_period": 100,
        "verbosity": 2,
        
        "monitor": "max val_metric_accuracy",
        "early_stop": 300,
        
        "tensorboardX": true,
        "log_dir": "saved/with_attribute_512"
    }
}
